ID,Employee
1,Professor
2,Professor
3,Professor
4,Professor
5,Professor
6,Professor
7,Professor
8,Senior Scientist
9,Senior Scientist
10,Senior Scientist
11,Senior Scientist
12,Senior Scientist
13,Senior Scientist
14,Senior Scientist
15,Senior Scientist
16,Senior Scientist
17,Senior Scientist
18,Senior Scientist
19,Senior Scientist
20,Senior Scientist
21,Senior Scientist
22,Senior Scientist
23,Senior Scientist
24,Research Student
25,Research Student
26,Research Student
27,Research Student
28,Research Student
29,Research Student
30,Research Student
31,Research Student
32,Research Student
33,Research Student
34,Research Student
35,Research Student
36,Research Student
37,Research Student
38,Research Student
39,Research Student
40,Research Student
41,Research Student
42,Research Student
43,Research Student
44,Research Student
45,Research Student
46,Research Student
47,Research Student
48,Research Student
49,Research Student
50,Research Student
51,Research Student
52,Research Student
53,Research Student
54,Research Student
55,Research Student
56,Research Student
57,Research Student
58,Cat
